model,variant,score,outcome,primary,rows,event_dates,spearman,date_block_ci_low,date_block_ci_high,date_block_probability_nonpositive,date_block_p_one_sided,issuer_block_ci_low,issuer_block_ci_high,issuer_block_probability_nonpositive,issuer_block_p_one_sided,within_date_rank_correlation,within_date_permutation_p_one_sided,configuration_order,date_block_bh_q_all_64,issuer_block_bh_q_all_64,primary_model_bh_q_within_variant,primary_model_issuer_bh_q_within_variant
qwen25_7b,prefixless,last_projection,abs_market_adjusted_return_h1,True,9335,137,-0.0040243307821411336,-0.028711372347341616,0.02088123344690456,0.6185,0.6186906546726637,-0.02591791190773027,0.017354099285614346,0.6455,0.6456771614192903,-0.0063924950261919165,0.7326336831584208,0,0.6711220660856013,0.699383641512577,0.6186906546726637,0.6456771614192903
qwen25_7b,prefixless,last_projection,abs_market_adjusted_return_h2,False,9271,136,-0.0011215912888264327,-0.026255391377994812,0.0225619930265689,0.5285,0.5287356321839081,-0.022920830853766203,0.01949243320142571,0.5445,0.544727636181909,-0.0002716000111616254,,1,0.593668078241581,0.6116240125551259,,
qwen25_7b,prefixless,last_projection,parkinson_expansion_h1,False,9304,137,0.007622006735334021,-0.015616150999955374,0.029146120887237156,0.264,0.26436781609195403,-0.015022270703505142,0.030806070390266938,0.2615,0.26186906546726635,-0.0008532483743206281,,2,0.34529673938540933,0.33519240379810095,,
qwen25_7b,prefixless,last_projection,abnormal_volume_h1,False,9304,137,0.0013340223607567017,-0.02424987485237436,0.025087625369384452,0.4595,0.45977011494252873,-0.021507644557587805,0.023998742345396055,0.4475,0.447776111944028,-0.004947210146115185,,3,0.5449127288207748,0.530697614155885,,
qwen25_7b,prefixless,last_cosine,abs_market_adjusted_return_h1,False,9335,137,-0.007856095643490456,-0.032640072622695145,0.016445840569752845,0.736,0.7361319340329835,-0.029367508152253818,0.013763142824334659,0.762,0.7621189405297352,-0.008980169043866532,,4,0.747816567906523,0.7742160665698897,,
qwen25_7b,prefixless,last_cosine,abs_market_adjusted_return_h2,False,9271,136,-0.004498458359618352,-0.028734198190396156,0.01998815291410357,0.641,0.6411794102948526,-0.026310521329051526,0.0160095242546709,0.6555,0.655672163918041,-0.0028081831763120987,,5,0.6816263999147968,0.699383641512577,,
qwen25_7b,prefixless,last_cosine,parkinson_expansion_h1,False,9304,137,0.000557126735703207,-0.022439959388821422,0.02258100482759367,0.4815,0.4817591204397801,-0.02212321582000756,0.02237717010386041,0.475,0.4752623688155922,-0.0038196618277567683,,6,0.5605924310571987,0.55303257462178,,
qwen25_7b,prefixless,last_cosine,abnormal_volume_h1,False,9304,137,-0.006547776381746753,-0.03153593794830075,0.01661891518614903,0.704,0.7041479260369815,-0.027964741851027354,0.01552033986097291,0.7215,0.7216391804097951,-0.009880375554426042,,7,0.7268623752639809,0.7449178636488207,,
qwen25_7b,prefixless,mean_projection,abs_market_adjusted_return_h1,False,9335,137,0.17545890117450663,0.1463110185656628,0.20346251690158426,0.0,0.0004997501249375312,0.15381959308456641,0.1973867942438619,0.0,0.0004997501249375312,0.16163721393143912,,8,0.0007615239999048095,0.0007438141394419069,,
qwen25_7b,prefixless,mean_projection,abs_market_adjusted_return_h2,False,9271,136,0.1668597531077194,0.14361593439417863,0.18950160506375954,0.0,0.0004997501249375312,0.14654545681021452,0.18850750501733837,0.0,0.0004997501249375312,0.15899809975622645,,9,0.0007615239999048095,0.0007438141394419069,,
qwen25_7b,prefixless,mean_projection,parkinson_expansion_h1,False,9304,137,0.18480064854286493,0.1610347674987744,0.2089609528664689,0.0,0.0004997501249375312,0.1635628024561361,0.2067949363849836,0.0,0.0004997501249375312,0.16185035542038995,,10,0.0007615239999048095,0.0007438141394419069,,
qwen25_7b,prefixless,mean_projection,abnormal_volume_h1,False,9304,137,0.2307684987950027,0.20541782577474813,0.2583273631837848,0.0,0.0004997501249375312,0.20777389088746806,0.2528217795809302,0.0,0.0004997501249375312,0.21303077359053144,,11,0.0007615239999048095,0.0007438141394419069,,
qwen25_7b,prefixless,mean_cosine,abs_market_adjusted_return_h1,False,9335,137,0.18540706808862795,0.15723879035477026,0.21472174584811637,0.0,0.0004997501249375312,0.16335295651767887,0.2065216768182855,0.0,0.0004997501249375312,0.1709588704322279,,12,0.0007615239999048095,0.0007438141394419069,,
qwen25_7b,prefixless,mean_cosine,abs_market_adjusted_return_h2,False,9271,136,0.1783550450824287,0.15561735559766154,0.20191558272112003,0.0,0.0004997501249375312,0.15727326974848874,0.1994459710208924,0.0,0.0004997501249375312,0.17017189268384392,,13,0.0007615239999048095,0.0007438141394419069,,
qwen25_7b,prefixless,mean_cosine,parkinson_expansion_h1,False,9304,137,0.19350475029027167,0.1681590093805627,0.21910385095598403,0.0,0.0004997501249375312,0.17136444543985999,0.2152092021086518,0.0,0.0004997501249375312,0.16998400095095137,,14,0.0007615239999048095,0.0007438141394419069,,
qwen25_7b,prefixless,mean_cosine,abnormal_volume_h1,False,9304,137,0.24713798383990118,0.21923132755364702,0.2756857876526196,0.0,0.0004997501249375312,0.22534045919276477,0.26867744723009085,0.0,0.0004997501249375312,0.2286517431566642,,15,0.0007615239999048095,0.0007438141394419069,,
qwen25_7b,company_prefix,last_projection,abs_market_adjusted_return_h1,True,9335,137,-0.0004003224418247627,-0.02661207052038137,0.0265976548174974,0.5095,0.5097451274362819,-0.022503366921336018,0.020462529532713315,0.513,0.5132433783108445,-0.001935261635682674,0.5667166416791605,16,0.5825658599271792,0.5865638609266794,0.5097451274362819,0.5132433783108445
qwen25_7b,company_prefix,last_projection,abs_market_adjusted_return_h2,False,9271,136,0.008540561870730268,-0.015891820887451696,0.031262338299936826,0.2425,0.24287856071964017,-0.013065626698871152,0.030576000932804197,0.216,0.21639180409795103,0.00997993686076157,,17,0.3238380809595202,0.2885224054639347,,
qwen25_7b,company_prefix,last_projection,parkinson_expansion_h1,False,9304,137,0.020076892546406124,-0.006630670324631631,0.04497594661576786,0.067,0.06746626686656672,-0.0003445872768641367,0.04229046787582297,0.027,0.027486256871564217,0.010467900729649485,,18,0.09456141494470156,0.03909156532844689,,
qwen25_7b,company_prefix,last_projection,abnormal_volume_h1,False,9304,137,0.008464944405436827,-0.018915749328907484,0.03418573862269335,0.286,0.2863568215892054,-0.013887921429916334,0.029934816464594404,0.2355,0.23588205897051473,0.00036280433143267193,,19,0.3665367316341829,0.3080908525329172,,
qwen25_7b,company_prefix,last_cosine,abs_market_adjusted_return_h1,False,9335,137,-0.005157978574179315,-0.031079346177122442,0.019036827100668213,0.6495,0.6496751624187906,-0.026892127904974354,0.01625557999404489,0.688,0.6881559220389805,-0.004896079736204012,,20,0.6816263999147968,0.72199965590975,,
qwen25_7b,company_prefix,last_cosine,abs_market_adjusted_return_h2,False,9271,136,0.004471201126887589,-0.019806684015719243,0.026068073781309258,0.3555,0.35582208895552225,-0.017780299828462194,0.026033613455144433,0.353,0.35332333833083457,0.007260190725731783,,21,0.4296719564745929,0.426654597229687,,
qwen25_7b,company_prefix,last_cosine,parkinson_expansion_h1,False,9304,137,0.00987062732377509,-0.015495193640690984,0.03533400388112143,0.2315,0.2318840579710145,-0.012524808481892252,0.03205431248223285,0.19,0.1904047976011994,0.004864294279096627,,22,0.3157570151094665,0.2592746180101439,,
qwen25_7b,company_prefix,last_cosine,abnormal_volume_h1,False,9304,137,-0.0021440806567338006,-0.028323848705591025,0.024192235861301054,0.564,0.5642178910544727,-0.024513065639877932,0.020267553405769613,0.589,0.5892053973013494,-0.006797980996553141,,23,0.6225852590945906,0.6501576797807993,,
qwen25_7b,company_prefix,mean_projection,abs_market_adjusted_return_h1,False,9335,137,0.1868732591019667,0.15836706932539163,0.2144074339719843,0.0,0.0004997501249375312,0.1652447221828478,0.2076178348806932,0.0,0.0004997501249375312,0.1698218485567181,,24,0.0007615239999048095,0.0007438141394419069,,
qwen25_7b,company_prefix,mean_projection,abs_market_adjusted_return_h2,False,9271,136,0.17726147272884354,0.1557714667313538,0.200646050912462,0.0,0.0004997501249375312,0.15508240607256057,0.19861731622198825,0.0,0.0004997501249375312,0.16737676026739942,,25,0.0007615239999048095,0.0007438141394419069,,
qwen25_7b,company_prefix,mean_projection,parkinson_expansion_h1,False,9304,137,0.20841659049267083,0.18483281917703626,0.23183790007315688,0.0,0.0004997501249375312,0.18683087225796946,0.23096400487658694,0.0,0.0004997501249375312,0.179570581150584,,26,0.0007615239999048095,0.0007438141394419069,,
qwen25_7b,company_prefix,mean_projection,abnormal_volume_h1,False,9304,137,0.24798125143685942,0.22119510380665006,0.2764428510171277,0.0,0.0004997501249375312,0.22622553169289478,0.2705061432474854,0.0,0.0004997501249375312,0.22514055639269273,,27,0.0007615239999048095,0.0007438141394419069,,
qwen25_7b,company_prefix,mean_cosine,abs_market_adjusted_return_h1,False,9335,137,0.19948738511051833,0.1712591845143432,0.22868500892667035,0.0,0.0004997501249375312,0.17837405674680873,0.22110261827805658,0.0,0.0004997501249375312,0.18147259429098395,,28,0.0007615239999048095,0.0007438141394419069,,
qwen25_7b,company_prefix,mean_cosine,abs_market_adjusted_return_h2,False,9271,136,0.19144988990630518,0.16872585575913504,0.21446340308093167,0.0,0.0004997501249375312,0.1712316708950495,0.21254903027384417,0.0,0.0004997501249375312,0.18098739518378557,,29,0.0007615239999048095,0.0007438141394419069,,
qwen25_7b,company_prefix,mean_cosine,parkinson_expansion_h1,False,9304,137,0.2197780286946394,0.19504952465572553,0.24398671573576575,0.0,0.0004997501249375312,0.19818119975017748,0.2416023937995176,0.0,0.0004997501249375312,0.18992685742380702,,30,0.0007615239999048095,0.0007438141394419069,,
qwen25_7b,company_prefix,mean_cosine,abnormal_volume_h1,False,9304,137,0.2677062969749529,0.24167380461052262,0.29474744101412276,0.0,0.0004997501249375312,0.2462440597965408,0.2880157299601009,0.0,0.0004997501249375312,0.2438876140408237,,31,0.0007615239999048095,0.0007438141394419069,,
qwen3_4b,prefixless,last_projection,abs_market_adjusted_return_h1,True,9335,137,0.11179985105761556,0.07976135808772651,0.1382239969883433,0.0,0.0004997501249375312,0.08919467332973463,0.13404653282414367,0.0,0.0004997501249375312,0.0856719196481294,0.0004997501249375312,32,0.0007615239999048095,0.0007438141394419069,0.0009995002498750624,0.0009995002498750624
qwen3_4b,prefixless,last_projection,abs_market_adjusted_return_h2,False,9271,136,0.09855054896875844,0.07671775033347288,0.11824407402102007,0.0,0.0004997501249375312,0.07638947599762629,0.11997687470968714,0.0,0.0004997501249375312,0.08166677010205085,,33,0.0007615239999048095,0.0007438141394419069,,
qwen3_4b,prefixless,last_projection,parkinson_expansion_h1,False,9304,137,0.2024923619351218,0.1582566869599652,0.23567460024372808,0.0,0.0004997501249375312,0.1817329181562453,0.22497299768108642,0.0,0.0004997501249375312,0.1770459146616932,,34,0.0007615239999048095,0.0007438141394419069,,
qwen3_4b,prefixless,last_projection,abnormal_volume_h1,False,9304,137,0.16613633354262447,0.13578960417911887,0.19406686329638353,0.0,0.0004997501249375312,0.14290799230232373,0.18817464631694597,0.0,0.0004997501249375312,0.14057208385938313,,35,0.0007615239999048095,0.0007438141394419069,,
qwen3_4b,prefixless,last_cosine,abs_market_adjusted_return_h1,False,9335,137,0.12549172795972585,0.09373601179540535,0.15218477032632297,0.0,0.0004997501249375312,0.10535864615155972,0.1475249732086122,0.0,0.0004997501249375312,0.09511172850924726,,36,0.0007615239999048095,0.0007438141394419069,,
qwen3_4b,prefixless,last_cosine,abs_market_adjusted_return_h2,False,9271,136,0.10943481673062509,0.08764375292206576,0.12856707489506974,0.0,0.0004997501249375312,0.08698041935643114,0.13069237935811304,0.0,0.0004997501249375312,0.08983126992151044,,37,0.0007615239999048095,0.0007438141394419069,,
qwen3_4b,prefixless,last_cosine,parkinson_expansion_h1,False,9304,137,0.22471499807844744,0.18353537807700987,0.25821655235829666,0.0,0.0004997501249375312,0.20371559204814293,0.2449247967826249,0.0,0.0004997501249375312,0.19174710099621686,,38,0.0007615239999048095,0.0007438141394419069,,
qwen3_4b,prefixless,last_cosine,abnormal_volume_h1,False,9304,137,0.1881763159890297,0.15326870328996575,0.2147653814377948,0.0,0.0004997501249375312,0.16615768015396967,0.20959974639390377,0.0,0.0004997501249375312,0.15672853602252418,,39,0.0007615239999048095,0.0007438141394419069,,
qwen3_4b,prefixless,mean_projection,abs_market_adjusted_return_h1,False,9335,137,0.04114185836856709,0.012187478060999657,0.06741610242206968,0.0035,0.00399800099950025,0.01902462763244563,0.06436752878076435,0.0,0.0004997501249375312,0.011431436968542612,,40,0.005950513115535255,0.0007438141394419069,,
qwen3_4b,prefixless,mean_projection,abs_market_adjusted_return_h2,False,9271,136,0.019601474529757662,-0.006298609653384313,0.04285144840067037,0.0675,0.06796601699150424,-0.0025166589146494085,0.04227028641159604,0.0485,0.04897551224387806,0.005440062248363072,,41,0.09456141494470156,0.0681398431219173,,
qwen3_4b,prefixless,mean_projection,parkinson_expansion_h1,False,9304,137,0.23962433225229998,0.20968392364001326,0.2644981179425599,0.0,0.0004997501249375312,0.21875915068501842,0.2605383822399518,0.0,0.0004997501249375312,0.18229233815783866,,42,0.0007615239999048095,0.0007438141394419069,,
qwen3_4b,prefixless,mean_projection,abnormal_volume_h1,False,9304,137,0.13326939967874143,0.1067148917331146,0.1562991189629018,0.0,0.0004997501249375312,0.11072691473569314,0.15675429470256932,0.0,0.0004997501249375312,0.07784610912128465,,43,0.0007615239999048095,0.0007438141394419069,,
qwen3_4b,prefixless,mean_cosine,abs_market_adjusted_return_h1,False,9335,137,0.006892978870793611,-0.020763688147747737,0.0318052335066558,0.3305,0.3308345827086457,-0.016362516579570163,0.029937253181422426,0.285,0.28535732133933034,-0.018352162833236534,,44,0.40718102487217933,0.35489947334025296,,
qwen3_4b,prefixless,mean_cosine,abs_market_adjusted_return_h2,False,9271,136,-0.013313972692379742,-0.03803094691335374,0.00928313577165482,0.873,0.8730634682658671,-0.03590384784439431,0.010762082105792532,0.8635,0.863568215892054,-0.024353462150359304,,45,0.8730634682658671,0.863568215892054,,
qwen3_4b,prefixless,mean_cosine,parkinson_expansion_h1,False,9304,137,0.20134387816188545,0.17142514740927947,0.22634576829436484,0.0,0.0004997501249375312,0.17993921575258623,0.2218129032627438,0.0,0.0004997501249375312,0.1497167706667392,,46,0.0007615239999048095,0.0007438141394419069,,
qwen3_4b,prefixless,mean_cosine,abnormal_volume_h1,False,9304,137,0.08775766298798839,0.06065762506108692,0.11048162784253517,0.0,0.0004997501249375312,0.06358883125242676,0.11217754831029568,0.0,0.0004997501249375312,0.03648799980234314,,47,0.0007615239999048095,0.0007438141394419069,,
qwen3_4b,company_prefix,last_projection,abs_market_adjusted_return_h1,True,9335,137,0.10364484485446618,0.07558879763519794,0.12722578855587066,0.0,0.0004997501249375312,0.08146683357372488,0.12534738767069875,0.0,0.0004997501249375312,0.07938947403968599,0.0004997501249375312,48,0.0007615239999048095,0.0007438141394419069,0.0009995002498750624,0.0009995002498750624
qwen3_4b,company_prefix,last_projection,abs_market_adjusted_return_h2,False,9271,136,0.08975167882410952,0.06691206474304383,0.11047175335887213,0.0,0.0004997501249375312,0.06706792410004447,0.11137751314781645,0.0,0.0004997501249375312,0.0743486348728183,,49,0.0007615239999048095,0.0007438141394419069,,
qwen3_4b,company_prefix,last_projection,parkinson_expansion_h1,False,9304,137,0.2047624486719635,0.1698702230317276,0.2355726722771587,0.0,0.0004997501249375312,0.1833665649567215,0.2260610709394482,0.0,0.0004997501249375312,0.18326264904861092,,50,0.0007615239999048095,0.0007438141394419069,,
qwen3_4b,company_prefix,last_projection,abnormal_volume_h1,False,9304,137,0.15979660844447158,0.1317127859104374,0.1852963665414984,0.0,0.0004997501249375312,0.13884582449984753,0.18174492397155215,0.0,0.0004997501249375312,0.13693285789471124,,51,0.0007615239999048095,0.0007438141394419069,,
qwen3_4b,company_prefix,last_cosine,abs_market_adjusted_return_h1,False,9335,137,0.1190699040269409,0.0897223190397761,0.14363197574452827,0.0,0.0004997501249375312,0.09793432983350205,0.14152342339960342,0.0,0.0004997501249375312,0.09063573890943347,,52,0.0007615239999048095,0.0007438141394419069,,
qwen3_4b,company_prefix,last_cosine,abs_market_adjusted_return_h2,False,9271,136,0.10271644597212254,0.07961335512805588,0.1232195467016089,0.0,0.0004997501249375312,0.07929886736209696,0.12458846518517772,0.0,0.0004997501249375312,0.08444515693668521,,53,0.0007615239999048095,0.0007438141394419069,,
qwen3_4b,company_prefix,last_cosine,parkinson_expansion_h1,False,9304,137,0.22496783993844585,0.1875908695129286,0.25483841405875135,0.0,0.0004997501249375312,0.2037326611168399,0.2467699700981521,0.0,0.0004997501249375312,0.19621134556464143,,54,0.0007615239999048095,0.0007438141394419069,,
qwen3_4b,company_prefix,last_cosine,abnormal_volume_h1,False,9304,137,0.18139146538005602,0.1513317843731718,0.2068961347132311,0.0,0.0004997501249375312,0.1605787796120085,0.20377641793042842,0.0,0.0004997501249375312,0.15273987637582423,,55,0.0007615239999048095,0.0007438141394419069,,
qwen3_4b,company_prefix,mean_projection,abs_market_adjusted_return_h1,False,9335,137,0.0722956933765715,0.041500889713165845,0.09791267453092245,0.0,0.0004997501249375312,0.04950433586048243,0.09461376832841485,0.0,0.0004997501249375312,0.03940795404204819,,56,0.0007615239999048095,0.0007438141394419069,,
qwen3_4b,company_prefix,mean_projection,abs_market_adjusted_return_h2,False,9271,136,0.050818977872729175,0.02516238341478258,0.07459189932791845,0.0,0.0004997501249375312,0.027754981027659116,0.07411235670291308,0.0,0.0004997501249375312,0.03432581983856651,,57,0.0007615239999048095,0.0007438141394419069,,
qwen3_4b,company_prefix,mean_projection,parkinson_expansion_h1,False,9304,137,0.27370326974601533,0.2423513716017589,0.29674004471814086,0.0,0.0004997501249375312,0.25391656421169234,0.2936712998722778,0.0,0.0004997501249375312,0.21260439653748583,,58,0.0007615239999048095,0.0007438141394419069,,
qwen3_4b,company_prefix,mean_projection,abnormal_volume_h1,False,9304,137,0.17155424754824136,0.14293970129318617,0.19595005786791106,0.0,0.0004997501249375312,0.14911005511314165,0.1958759919222605,0.0,0.0004997501249375312,0.11379468344168103,,59,0.0007615239999048095,0.0007438141394419069,,
qwen3_4b,company_prefix,mean_cosine,abs_market_adjusted_return_h1,False,9335,137,0.026839993125398223,-0.002624509622976191,0.053259237003056244,0.04,0.04047976011994003,0.004117685131443349,0.04986350800153398,0.008,0.00849575212393803,-0.0017091758242739953,,60,0.05887965108354913,0.012357457634818953,,
qwen3_4b,company_prefix,mean_cosine,abs_market_adjusted_return_h2,False,9271,136,0.006106311175256252,-0.020159679386120597,0.02883809138086826,0.321,0.3213393303348326,-0.017668962642133936,0.030794633229540763,0.288,0.28835582208895555,-0.007403275009947391,,61,0.4032493557142997,0.35489947334025296,,
qwen3_4b,company_prefix,mean_cosine,parkinson_expansion_h1,False,9304,137,0.22685939620930876,0.19578669701910298,0.2519023422146366,0.0,0.0004997501249375312,0.2053417936485103,0.24754081143857212,0.0,0.0004997501249375312,0.17047425464732902,,62,0.0007615239999048095,0.0007438141394419069,,
qwen3_4b,company_prefix,mean_cosine,abnormal_volume_h1,False,9304,137,0.11440760264842913,0.08607000494033523,0.13825299138772407,0.0,0.0004997501249375312,0.09059846982365553,0.1380685861682354,0.0,0.0004997501249375312,0.05942343125687545,,63,0.0007615239999048095,0.0007438141394419069,,
