model,variant,score,outcome,rows,candidate_spearman,baseline_spearman,observed_delta_spearman,date_block_ci_low,date_block_ci_high,bootstrap_probability_candidate_not_better,issuer_block_ci_low,issuer_block_ci_high,issuer_bootstrap_probability_axis_not_better
qwen25_7b,prefixless,last_projection,abs_market_adjusted_return_h1,9335,-0.0040243307821411336,0.12792879134624335,-0.13195312212838448,-0.162426628990971,-0.10377735443525629,1.0,-0.16002580293200183,-0.10370057640399227,1.0
qwen25_7b,prefixless,last_projection,abs_market_adjusted_return_h2,9271,-0.0011215912888264327,0.11211758234939344,-0.11323917363821986,-0.14356365408648197,-0.08230540262954943,1.0,-0.14040473686574323,-0.08632656462764361,1.0
qwen25_7b,prefixless,last_projection,parkinson_expansion_h1,9304,0.007622006735334021,0.07372069246362985,-0.06609868572829583,-0.090714985034826,-0.04331923795111894,1.0,-0.09613588902204964,-0.03556173405906949,1.0
qwen25_7b,prefixless,last_projection,abnormal_volume_h1,9304,0.0013340223607567017,0.11865638068922663,-0.11732235832846992,-0.14716819104156134,-0.09134172767929244,1.0,-0.14623608759304124,-0.08902819580589814,1.0
qwen25_7b,prefixless,mean_projection,abs_market_adjusted_return_h1,9335,0.17545890117450663,0.12792879134624335,0.04753010982826328,0.022090104426919038,0.07240366135867113,0.0005,0.021850918328147798,0.07492661549850767,0.0
qwen25_7b,prefixless,mean_projection,abs_market_adjusted_return_h2,9271,0.1668597531077194,0.11211758234939344,0.05474217075832595,0.02955138103143062,0.079882575244557,0.0,0.02872885104252994,0.08011062817314224,0.0
qwen25_7b,prefixless,mean_projection,parkinson_expansion_h1,9304,0.18480064854286493,0.07372069246362985,0.11107995607923508,0.08912835575454751,0.13252409704108614,0.0,0.0843764971495904,0.13714287158473956,0.0
qwen25_7b,prefixless,mean_projection,abnormal_volume_h1,9304,0.2307684987950027,0.11865638068922663,0.11211211810577607,0.08830425276594529,0.13662961125691434,0.0,0.08624016703749933,0.13909879838259692,0.0
qwen25_7b,company_prefix,last_projection,abs_market_adjusted_return_h1,9335,-0.0004003224418247627,0.12792879134624335,-0.1283291137880681,-0.1582134700409664,-0.09925576910464272,1.0,-0.15646623487227437,-0.10060821208780026,1.0
qwen25_7b,company_prefix,last_projection,abs_market_adjusted_return_h2,9271,0.008540561870730268,0.11211758234939344,-0.10357702047866317,-0.13505519728779317,-0.07451069159257519,1.0,-0.130813179797903,-0.07635393763229105,1.0
qwen25_7b,company_prefix,last_projection,parkinson_expansion_h1,9304,0.020076892546406124,0.07372069246362985,-0.05364379991722372,-0.07709553815815483,-0.030281871207867257,1.0,-0.08149320882952885,-0.024889029745672205,1.0
qwen25_7b,company_prefix,last_projection,abnormal_volume_h1,9304,0.008464944405436827,0.11865638068922663,-0.1101914362837898,-0.13762910808308193,-0.08459483084825119,1.0,-0.1377639918577822,-0.0812639869255854,1.0
qwen25_7b,company_prefix,mean_projection,abs_market_adjusted_return_h1,9335,0.1868732591019667,0.12792879134624335,0.058944467755723345,0.03408456079359068,0.08389371860105245,0.0,0.032339604991063906,0.08521219249340771,0.0
qwen25_7b,company_prefix,mean_projection,abs_market_adjusted_return_h2,9271,0.17726147272884354,0.11211758234939344,0.0651438903794501,0.04099732531517119,0.09191296716379839,0.0,0.039325983398128546,0.0907008377687451,0.0
qwen25_7b,company_prefix,mean_projection,parkinson_expansion_h1,9304,0.20841659049267083,0.07372069246362985,0.13469589802904097,0.11078171055820385,0.15705099589519322,0.0,0.10888061433758436,0.1611365728028738,0.0
qwen25_7b,company_prefix,mean_projection,abnormal_volume_h1,9304,0.24798125143685942,0.11865638068922663,0.1293248707476328,0.10650576115606379,0.15463770166606056,0.0,0.1040512078605645,0.15441993319440248,0.0
qwen3_4b,prefixless,last_projection,abs_market_adjusted_return_h1,9335,0.11179985105761556,0.21166739782884153,-0.09986754677122597,-0.13470366903995845,-0.07066268138901925,1.0,-0.12716962987619385,-0.0738174034689612,1.0
qwen3_4b,prefixless,last_projection,abs_market_adjusted_return_h2,9271,0.09855054896875844,0.19193156285376603,-0.0933810138850076,-0.12078729957349774,-0.06675443563027646,1.0,-0.12049166679385423,-0.06585676079772548,1.0
qwen3_4b,prefixless,last_projection,parkinson_expansion_h1,9304,0.2024923619351218,0.2727238150986402,-0.07023145316351839,-0.10314776844830963,-0.04116638629701694,1.0,-0.09812138127229453,-0.04348252540809374,1.0
qwen3_4b,prefixless,last_projection,abnormal_volume_h1,9304,0.16613633354262447,0.2856694501412275,-0.11953311659860305,-0.15135800510731384,-0.09066350091281292,1.0,-0.14550823735667212,-0.09336611072472643,1.0
qwen3_4b,prefixless,mean_projection,abs_market_adjusted_return_h1,9335,0.04114185836856709,0.21166739782884153,-0.17052553946027443,-0.20152212147373647,-0.139958995188016,1.0,-0.19837351878206927,-0.14307435782150696,1.0
qwen3_4b,prefixless,mean_projection,abs_market_adjusted_return_h2,9271,0.019601474529757662,0.19193156285376603,-0.17233008832400837,-0.2025196091954661,-0.14471746784302222,1.0,-0.20045855252869516,-0.14272872280675553,1.0
qwen3_4b,prefixless,mean_projection,parkinson_expansion_h1,9304,0.23962433225229998,0.2727238150986402,-0.033099482846340206,-0.06187463902125999,-0.0037669312580471347,0.9865,-0.05870216338550911,-0.0068464600852451395,0.993
qwen3_4b,prefixless,mean_projection,abnormal_volume_h1,9304,0.13326939967874143,0.2856694501412275,-0.1524000504624861,-0.18349705672055258,-0.12314400998058123,1.0,-0.1801213987192029,-0.12329528798380741,1.0
qwen3_4b,company_prefix,last_projection,abs_market_adjusted_return_h1,9335,0.10364484485446618,0.21166739782884153,-0.10802255297437535,-0.1374686286718385,-0.07802579843999607,1.0,-0.1362703380435505,-0.0809481725441384,1.0
qwen3_4b,company_prefix,last_projection,abs_market_adjusted_return_h2,9271,0.08975167882410952,0.19193156285376603,-0.10217988402965651,-0.13083460388207774,-0.07306166181568936,1.0,-0.12885465254778306,-0.07553887040857502,1.0
qwen3_4b,company_prefix,last_projection,parkinson_expansion_h1,9304,0.2047624486719635,0.2727238150986402,-0.06796136642667669,-0.09902170140495666,-0.03921847088726425,1.0,-0.0963071809488735,-0.03918938209741954,1.0
qwen3_4b,company_prefix,last_projection,abnormal_volume_h1,9304,0.15979660844447158,0.2856694501412275,-0.12587284169675594,-0.15573795407606103,-0.09764014122358307,1.0,-0.15280701205122232,-0.09772650946790963,1.0
qwen3_4b,company_prefix,mean_projection,abs_market_adjusted_return_h1,9335,0.0722956933765715,0.21166739782884153,-0.13937170445227004,-0.17106513969170917,-0.11166143323402672,1.0,-0.16544525918011996,-0.11202491914962943,1.0
qwen3_4b,company_prefix,mean_projection,abs_market_adjusted_return_h2,9271,0.050818977872729175,0.19193156285376603,-0.14111258498103685,-0.17081526068994618,-0.11342257678903901,1.0,-0.16958937175379826,-0.1142369452123216,1.0
qwen3_4b,company_prefix,mean_projection,parkinson_expansion_h1,9304,0.27370326974601533,0.2727238150986402,0.0009794546473751442,-0.027757556520233633,0.029231500101227187,0.4625,-0.026427745587208288,0.026416401899940413,0.4695
qwen3_4b,company_prefix,mean_projection,abnormal_volume_h1,9304,0.17155424754824136,0.2856694501412275,-0.11411520259298616,-0.14493136736386167,-0.0859768005451685,1.0,-0.14128700047602413,-0.08552787403225336,1.0
